{"accuracy": [0.6092040538787842, 0.8624083995819092, 0.9146738648414612, 0.9391706585884094, 0.9533963799476624, 0.9642221927642822, 0.9709225296974182, 0.9745074510574341, 0.978632926940918, 0.9819190502166748], "loss": [1.3234084844589233, 0.4333764314651489, 0.26491954922676086, 0.18646638095378876, 0.14141660928726196, 0.10769771784543991, 0.08759830892086029, 0.07773428410291672, 0.06532115489244461, 0.055267758667469025], "val_accuracy": [0.86854088306427, 0.9083200693130493, 0.9255064725875854, 0.9403596520423889, 0.9525381326675415, 0.9544160962104797, 0.9488390684127808, 0.9692124128341675, 0.9655702114105225, 0.9697245359420776], "val_loss": [0.439818799495697, 0.2874482572078705, 0.23411241173744202, 0.18578387796878815, 0.14876148104667664, 0.14453358948230743, 0.17086277902126312, 0.10364493727684021, 0.11135204136371613, 0.10066396743059158]}